{"cameraMode":{"drawMode":2,"name":"Shaded Wireframe","section":"Shading Mode"},"sceneLighting":true,"audioPlay":false,"sceneViewState":{"m_AlwaysRefresh":false,"showFog":true,"showSkybox":true,"showFlares":true,"showImageEffects":true,"showParticleSystems":true,"showVisualEffectGraphs":true,"m_FxEnabled":true},"in2DMode":false,"pivot":{"x":0.5725539326667786,"y":0.28038832545280459,"z":0.2661746144294739},"rotation":{"x":0.24199485778808595,"y":-0.3658902645111084,"z":0.09915933012962342,"w":0.8931822776794434},"size":0.7906888127326965,"orthographic":false}