{"cameraMode":{"drawMode":2,"name":"Shaded Wireframe","section":"Shading Mode"},"sceneLighting":false,"audioPlay":false,"sceneViewState":{"m_AlwaysRefresh":false,"showFog":true,"showSkybox":false,"showFlares":true,"showImageEffects":true,"showParticleSystems":true,"showVisualEffectGraphs":true,"m_FxEnabled":true},"in2DMode":false,"pivot":{"x":0.3248947858810425,"y":0.7849520444869995,"z":0.34058213233947756},"rotation":{"x":-0.22576932609081269,"y":0.04673020914196968,"z":-0.010842414572834969,"w":-0.9729968905448914},"size":0.7815635800361633,"orthographic":false}